﻿Easy,Moderate,Challenge
Ollie is studying the Haleyito culture., Ollie is studying the Haleyito culture.,"One student is studying the Haleyito culture, and their publication is not in the first two months."
The person studying the Zhale culture will publish in February., Ollie will publish 2 months after the person who has been studying the Zhale culture.,The publication of the student studying Zhale culture happens exactly two months before another student's.
Luther will publish in March., Luther will publish 1 month after the person who has been studying the Phehin culture.,"There is a student publishing one month after the Phehin culture researcher, but they are not Hazel."
Hazel will publish in January., Hazel will publish sometime before the student who has been studying the Zhale culture.,"Hazel will publish before at least one other student but after another, and it is not in the last month."
